,C0,C1,C2,C3,C4,C5,C6,C7,C8,C9,C10,C11,C12,C13,C14,C15,C16,C17,C18,C19
"C0: Kinh / Doanh (Tiếng Anh cơ bản, Sử dụng Execl và word thành thạo, Proficient in English or Chinese, equivalent to 6.5 IELTS or HSK 5)",0.99999946,0.30348557,0.15087168,0.2458838,0.4830398,0.36972827,0.1160335,0.39429337,0.12163686,0.21923311,0.21483357,0.25595346,0.6602283,0.20196652,0.27523896,0.2523012,0.44583902,0.16449067,0.28646758,0.379768
"C1: CNC / Máy (Lập trình CNC, NX, Mastercam)",0.30348557,1.0,0.6450924,0.5589734,0.538687,0.7576629,0.54675406,0.72591317,0.48491928,0.65000445,0.62325263,0.6593935,0.56315696,0.70829576,0.61860263,0.6218206,0.5589689,0.67287296,0.7285209,0.71208745
"C2: Engineer / Developer (Python, Docker, Kubernetes)",0.15087168,0.6450924,1.0000004,0.46381578,0.6185153,0.67653626,0.90078264,0.5353143,0.79592884,0.6702679,0.67820424,0.646055,0.3852303,0.7769588,0.7732229,0.8611676,0.6114227,0.8674684,0.919302,0.72907126
"C3: Thiết / Kế (Adobe Photoshop, Adobe Illustrator, Illustrator)",0.2458838,0.5589734,0.46381578,1.0000002,0.36171597,0.4215249,0.37028226,0.7729346,0.4606457,0.9305173,0.35760638,0.30146584,0.38554335,0.7643988,0.41677082,0.483077,0.45266226,0.38688102,0.5707201,0.49193966
"C4: Kinh / Doanh (Kỹ năng giao tiếp, Kỹ năng đàm phán, Kỹ năng bán hàng)",0.4830398,0.538687,0.6185153,0.36171597,1.0000005,0.6715337,0.5352982,0.592299,0.49637285,0.48313153,0.566741,0.53366935,0.6970966,0.5415964,0.5965076,0.622001,0.799684,0.5934501,0.7216551,0.8010971
"C5: IT / Thuật (Hệ điều hành Windows, Phần mềm văn phòng, Mạng máy tính)",0.36972827,0.7576629,0.67653626,0.4215249,0.6715337,1.0,0.6249254,0.67814845,0.5214455,0.5300914,0.64780456,0.8748066,0.7292683,0.6300163,0.6899466,0.69669133,0.7151431,0.8442264,0.77259386,0.8314279
"C6: Developer / Java (Java, MySQL, Oracle)",0.1160335,0.54675406,0.90078264,0.37028226,0.5352982,0.6249254,0.99999994,0.45620802,0.85504556,0.5600319,0.650963,0.69128096,0.34854814,0.65049064,0.81748354,0.83453953,0.60393566,0.82470286,0.8303281,0.68539083
"C7: Thiết / Kế (Quay dựng video, audio editing, voice acting)",0.39429337,0.72591317,0.5353143,0.7729346,0.592299,0.67814845,0.45620802,1.0000001,0.46057203,0.79004186,0.54911673,0.56085074,0.6271538,0.78425014,0.54164815,0.62014514,0.60072,0.52283335,0.67302144,0.7432568
"C8: Developer / Nhà (CSS, HTML, JavaScript)",0.12163686,0.48491928,0.79592884,0.4606457,0.49637285,0.5214455,0.85504556,0.46057203,0.9999997,0.6146316,0.548256,0.5155659,0.29624814,0.67204773,0.6457061,0.75348043,0.5591166,0.680776,0.7490659,0.5692645
"C9: Thiết / Kế (Photoshop, Illustrator, Figma)",0.21923311,0.65000445,0.6702679,0.9305173,0.48313153,0.5300914,0.5600319,0.79004186,0.6146316,0.99999994,0.47199965,0.39937922,0.3963233,0.90814966,0.55630076,0.637985,0.5534552,0.5715263,0.76657575,0.61010134
"C10: Tester / Manual (Kiểm thử phần mềm, SQL, Viết Testcase)",0.21483357,0.62325263,0.67820424,0.35760638,0.566741,0.64780456,0.650963,0.54911673,0.548256,0.47199965,1.0000002,0.5872295,0.4863634,0.5562946,0.7353376,0.67529786,0.5933183,0.61104065,0.7176659,0.72213393
"C11: IT / Quản (VMware, Triển khai và vận hành hệ thống VOIP (Asterisk, FreePbx, FreeSWITCH, Kamailio, OpenSIPS, 3CX), Giao thức SIP, RTP, WebRTC, STUN/TURN/ICE, NAT Traversal)",0.25595346,0.6593935,0.646055,0.30146584,0.53366935,0.8748066,0.69128096,0.56085074,0.5155659,0.39937922,0.5872295,1.0000001,0.5738031,0.51152,0.6905896,0.63817954,0.639969,0.844077,0.6726819,0.76656187
"C12: Doanh / Kinh (Tin học văn phòng, Tin học văn phòng (Word, Excel, PowerPoint), Sử dụng CRM)",0.6602283,0.56315696,0.3852303,0.38554335,0.6970966,0.7292683,0.34854814,0.6271538,0.29624814,0.3963233,0.4863634,0.5738031,1.0000001,0.3990253,0.58117867,0.45997483,0.66253126,0.45479125,0.5469483,0.6993173
"C13: 3D / Thiết (Photoshop, Unity, Maya)",0.20196652,0.70829576,0.7769588,0.7643988,0.5415964,0.6300163,0.65049064,0.78425014,0.67204773,0.90814966,0.5562946,0.51152,0.3990253,0.9999999,0.6120469,0.7291282,0.5884608,0.6985178,0.85516405,0.6754675
"C14: tích / Phân (SQL, Excel, Python)",0.27523896,0.61860263,0.7732229,0.41677082,0.5965076,0.6899466,0.81748354,0.54164815,0.6457061,0.55630076,0.7353376,0.6905896,0.58117867,0.6120469,1.0000004,0.6960652,0.66908646,0.7280547,0.8001129,0.7514948
"C15: Developer / Tiếng (Java, Swift, Kotlin)",0.2523012,0.6218206,0.8611676,0.483077,0.622001,0.69669133,0.83453953,0.62014514,0.75348043,0.637985,0.67529786,0.63817954,0.45997483,0.7291282,0.6960652,1.0,0.6428089,0.7664141,0.8623642,0.7525819
"C16: triển / kinh (Google Ads, B2B sales, Facebook Ads)",0.44583902,0.5589689,0.6114227,0.45266226,0.799684,0.7151431,0.60393566,0.60072,0.5591166,0.5534552,0.5933183,0.639969,0.66253126,0.5884608,0.66908646,0.6428089,1.0000001,0.66489446,0.743479,0.829476
"C17: Hệ / Engineer (Linux, Network, Storage)",0.16449067,0.67287296,0.8674684,0.38688102,0.5934501,0.8442264,0.82470286,0.52283335,0.680776,0.5715263,0.61104065,0.844077,0.45479125,0.6985178,0.7280547,0.7664141,0.66489446,1.0000005,0.8635404,0.7463582
"C18: Nhà / kinh (Jira, Figma, Confluence)",0.28646758,0.7285209,0.919302,0.5707201,0.7216551,0.77259386,0.8303281,0.67302144,0.7490659,0.76657575,0.7176659,0.6726819,0.5469483,0.85516405,0.8001129,0.8623642,0.743479,0.8635404,0.9999998,0.84436584
"C19: Nhà / kinh (Quản lý dự án, Phân tích nghiệp vụ, Phân tích yêu cầu)",0.379768,0.71208745,0.72907126,0.49193966,0.8010971,0.8314279,0.68539083,0.7432568,0.5692645,0.61010134,0.72213393,0.76656187,0.6993173,0.6754675,0.7514948,0.7525819,0.829476,0.7463582,0.84436584,1.0
