"mode","cv_source","jd_source","label","graph_path"
"file","D:\doantotnghiep\data\raw\cvs\cv_29_dotnet_backend.txt","jd_0105","3","D:\doantotnghiep\data\processed\graphs_v4_certification_catalog_expanded\graph_000000.pt"
"file","D:\doantotnghiep\data\raw\cvs\cv_29_dotnet_backend.txt","jd_1288","2","D:\doantotnghiep\data\processed\graphs_v4_certification_catalog_expanded\graph_000001.pt"
"file","D:\doantotnghiep\data\raw\cvs\cv_29_dotnet_backend.txt","jd_0744","1","D:\doantotnghiep\data\processed\graphs_v4_certification_catalog_expanded\graph_000002.pt"
"file","D:\doantotnghiep\data\raw\cvs\cv_29_dotnet_backend.txt","jd_1574","1","D:\doantotnghiep\data\processed\graphs_v4_certification_catalog_expanded\graph_000003.pt"
"file","D:\doantotnghiep\data\raw\cvs\cv_29_dotnet_backend.txt","jd_0068","0","D:\doantotnghiep\data\processed\graphs_v4_certification_catalog_expanded\graph_000004.pt"
"file","D:\doantotnghiep\data\raw\cvs\cv_08_frontend_react.txt","jd_1574","3","D:\doantotnghiep\data\processed\graphs_v4_certification_catalog_expanded\graph_000005.pt"
"file","D:\doantotnghiep\data\raw\cvs\cv_08_frontend_react.txt","jd_1267","2","D:\doantotnghiep\data\processed\graphs_v4_certification_catalog_expanded\graph_000006.pt"
"file","D:\doantotnghiep\data\raw\cvs\cv_08_frontend_react.txt","jd_0105","1","D:\doantotnghiep\data\processed\graphs_v4_certification_catalog_expanded\graph_000007.pt"
"file","D:\doantotnghiep\data\raw\cvs\cv_08_frontend_react.txt","jd_0744","1","D:\doantotnghiep\data\processed\graphs_v4_certification_catalog_expanded\graph_000008.pt"
"file","D:\doantotnghiep\data\raw\cvs\cv_08_frontend_react.txt","jd_0068","0","D:\doantotnghiep\data\processed\graphs_v4_certification_catalog_expanded\graph_000009.pt"
"file","D:\doantotnghiep\data\raw\cvs\cv_28_data_engineer_ml.txt","jd_0744","3","D:\doantotnghiep\data\processed\graphs_v4_certification_catalog_expanded\graph_000010.pt"
"file","D:\doantotnghiep\data\raw\cvs\cv_28_data_engineer_ml.txt","jd_1431","2","D:\doantotnghiep\data\processed\graphs_v4_certification_catalog_expanded\graph_000011.pt"
"file","D:\doantotnghiep\data\raw\cvs\cv_28_data_engineer_ml.txt","jd_1129","1","D:\doantotnghiep\data\processed\graphs_v4_certification_catalog_expanded\graph_000012.pt"
"file","D:\doantotnghiep\data\raw\cvs\cv_28_data_engineer_ml.txt","jd_0105","1","D:\doantotnghiep\data\processed\graphs_v4_certification_catalog_expanded\graph_000013.pt"
"file","D:\doantotnghiep\data\raw\cvs\cv_28_data_engineer_ml.txt","jd_0068","0","D:\doantotnghiep\data\processed\graphs_v4_certification_catalog_expanded\graph_000014.pt"
"file","D:\doantotnghiep\data\raw\cvs\cv_10_qa_tester.txt","jd_1587","3","D:\doantotnghiep\data\processed\graphs_v4_certification_catalog_expanded\graph_000015.pt"
"file","D:\doantotnghiep\data\raw\cvs\cv_10_qa_tester.txt","jd_1295","2","D:\doantotnghiep\data\processed\graphs_v4_certification_catalog_expanded\graph_000016.pt"
"file","D:\doantotnghiep\data\raw\cvs\cv_10_qa_tester.txt","jd_0174","1","D:\doantotnghiep\data\processed\graphs_v4_certification_catalog_expanded\graph_000017.pt"
"file","D:\doantotnghiep\data\raw\cvs\cv_10_qa_tester.txt","jd_1653","1","D:\doantotnghiep\data\processed\graphs_v4_certification_catalog_expanded\graph_000018.pt"
"file","D:\doantotnghiep\data\raw\cvs\cv_10_qa_tester.txt","jd_0068","0","D:\doantotnghiep\data\processed\graphs_v4_certification_catalog_expanded\graph_000019.pt"
"file","D:\doantotnghiep\data\raw\cvs\cv_14_data_analyst.txt","jd_0174","3","D:\doantotnghiep\data\processed\graphs_v4_certification_catalog_expanded\graph_000020.pt"
"file","D:\doantotnghiep\data\raw\cvs\cv_14_data_analyst.txt","jd_1130","2","D:\doantotnghiep\data\processed\graphs_v4_certification_catalog_expanded\graph_000021.pt"
"file","D:\doantotnghiep\data\raw\cvs\cv_14_data_analyst.txt","jd_0105","1","D:\doantotnghiep\data\processed\graphs_v4_certification_catalog_expanded\graph_000022.pt"
"file","D:\doantotnghiep\data\raw\cvs\cv_14_data_analyst.txt","jd_1129","1","D:\doantotnghiep\data\processed\graphs_v4_certification_catalog_expanded\graph_000023.pt"
"file","D:\doantotnghiep\data\raw\cvs\cv_14_data_analyst.txt","jd_0068","0","D:\doantotnghiep\data\processed\graphs_v4_certification_catalog_expanded\graph_000024.pt"
"file","D:\doantotnghiep\data\raw\cvs\cv_15_mobile_developer.txt","jd_0061","3","D:\doantotnghiep\data\processed\graphs_v4_certification_catalog_expanded\graph_000025.pt"
"file","D:\doantotnghiep\data\raw\cvs\cv_15_mobile_developer.txt","jd_1259","2","D:\doantotnghiep\data\processed\graphs_v4_certification_catalog_expanded\graph_000026.pt"
"file","D:\doantotnghiep\data\raw\cvs\cv_15_mobile_developer.txt","jd_1129","1","D:\doantotnghiep\data\processed\graphs_v4_certification_catalog_expanded\graph_000027.pt"
"file","D:\doantotnghiep\data\raw\cvs\cv_15_mobile_developer.txt","jd_0744","1","D:\doantotnghiep\data\processed\graphs_v4_certification_catalog_expanded\graph_000028.pt"
"file","D:\doantotnghiep\data\raw\cvs\cv_15_mobile_developer.txt","jd_0068","0","D:\doantotnghiep\data\processed\graphs_v4_certification_catalog_expanded\graph_000029.pt"
"file","D:\doantotnghiep\data\raw\cvs\cv_30_network_security_architect.txt","jd_0577","3","D:\doantotnghiep\data\processed\graphs_v4_certification_catalog_expanded\graph_000030.pt"
"file","D:\doantotnghiep\data\raw\cvs\cv_30_network_security_architect.txt","jd_0732","2","D:\doantotnghiep\data\processed\graphs_v4_certification_catalog_expanded\graph_000031.pt"
"file","D:\doantotnghiep\data\raw\cvs\cv_30_network_security_architect.txt","jd_0744","1","D:\doantotnghiep\data\processed\graphs_v4_certification_catalog_expanded\graph_000032.pt"
"file","D:\doantotnghiep\data\raw\cvs\cv_30_network_security_architect.txt","jd_1129","1","D:\doantotnghiep\data\processed\graphs_v4_certification_catalog_expanded\graph_000033.pt"
"file","D:\doantotnghiep\data\raw\cvs\cv_30_network_security_architect.txt","jd_0068","0","D:\doantotnghiep\data\processed\graphs_v4_certification_catalog_expanded\graph_000034.pt"
"file","D:\doantotnghiep\data\raw\cvs\cv_18_business_analyst.txt","jd_1129","3","D:\doantotnghiep\data\processed\graphs_v4_certification_catalog_expanded\graph_000035.pt"
"file","D:\doantotnghiep\data\raw\cvs\cv_18_business_analyst.txt","jd_1215","2","D:\doantotnghiep\data\processed\graphs_v4_certification_catalog_expanded\graph_000036.pt"
"file","D:\doantotnghiep\data\raw\cvs\cv_18_business_analyst.txt","jd_0744","1","D:\doantotnghiep\data\processed\graphs_v4_certification_catalog_expanded\graph_000037.pt"
"file","D:\doantotnghiep\data\raw\cvs\cv_18_business_analyst.txt","jd_0577","1","D:\doantotnghiep\data\processed\graphs_v4_certification_catalog_expanded\graph_000038.pt"
"file","D:\doantotnghiep\data\raw\cvs\cv_18_business_analyst.txt","jd_0068","0","D:\doantotnghiep\data\processed\graphs_v4_certification_catalog_expanded\graph_000039.pt"
"file","D:\doantotnghiep\data\raw\cvs\cv_31_agile_delivery_manager.txt","jd_1653","3","D:\doantotnghiep\data\processed\graphs_v4_certification_catalog_expanded\graph_000040.pt"
"file","D:\doantotnghiep\data\raw\cvs\cv_31_agile_delivery_manager.txt","jd_0839","2","D:\doantotnghiep\data\processed\graphs_v4_certification_catalog_expanded\graph_000041.pt"
"file","D:\doantotnghiep\data\raw\cvs\cv_31_agile_delivery_manager.txt","jd_1129","1","D:\doantotnghiep\data\processed\graphs_v4_certification_catalog_expanded\graph_000042.pt"
"file","D:\doantotnghiep\data\raw\cvs\cv_31_agile_delivery_manager.txt","jd_1083","1","D:\doantotnghiep\data\processed\graphs_v4_certification_catalog_expanded\graph_000043.pt"
"file","D:\doantotnghiep\data\raw\cvs\cv_31_agile_delivery_manager.txt","jd_0068","0","D:\doantotnghiep\data\processed\graphs_v4_certification_catalog_expanded\graph_000044.pt"
"file","D:\doantotnghiep\data\raw\cvs\cv_05_it_support.txt","jd_1083","3","D:\doantotnghiep\data\processed\graphs_v4_certification_catalog_expanded\graph_000045.pt"
"file","D:\doantotnghiep\data\raw\cvs\cv_05_it_support.txt","jd_0696","2","D:\doantotnghiep\data\processed\graphs_v4_certification_catalog_expanded\graph_000046.pt"
"file","D:\doantotnghiep\data\raw\cvs\cv_05_it_support.txt","jd_0248","1","D:\doantotnghiep\data\processed\graphs_v4_certification_catalog_expanded\graph_000047.pt"
"file","D:\doantotnghiep\data\raw\cvs\cv_05_it_support.txt","jd_0577","1","D:\doantotnghiep\data\processed\graphs_v4_certification_catalog_expanded\graph_000048.pt"
"file","D:\doantotnghiep\data\raw\cvs\cv_05_it_support.txt","jd_0068","0","D:\doantotnghiep\data\processed\graphs_v4_certification_catalog_expanded\graph_000049.pt"
"file","D:\doantotnghiep\data\raw\cvs\cv_03_ui_ux_designer.txt","jd_1713","3","D:\doantotnghiep\data\processed\graphs_v4_certification_catalog_expanded\graph_000050.pt"
"file","D:\doantotnghiep\data\raw\cvs\cv_03_ui_ux_designer.txt","jd_0391","2","D:\doantotnghiep\data\processed\graphs_v4_certification_catalog_expanded\graph_000051.pt"
"file","D:\doantotnghiep\data\raw\cvs\cv_03_ui_ux_designer.txt","jd_1077","1","D:\doantotnghiep\data\processed\graphs_v4_certification_catalog_expanded\graph_000052.pt"
"file","D:\doantotnghiep\data\raw\cvs\cv_03_ui_ux_designer.txt","jd_1316","1","D:\doantotnghiep\data\processed\graphs_v4_certification_catalog_expanded\graph_000053.pt"
"file","D:\doantotnghiep\data\raw\cvs\cv_03_ui_ux_designer.txt","jd_0068","0","D:\doantotnghiep\data\processed\graphs_v4_certification_catalog_expanded\graph_000054.pt"
"file","D:\doantotnghiep\data\raw\cvs\cv_00_software_sales.txt","jd_0068","3","D:\doantotnghiep\data\processed\graphs_v4_certification_catalog_expanded\graph_000055.pt"
"file","D:\doantotnghiep\data\raw\cvs\cv_00_software_sales.txt","jd_0086","2","D:\doantotnghiep\data\processed\graphs_v4_certification_catalog_expanded\graph_000056.pt"
"file","D:\doantotnghiep\data\raw\cvs\cv_00_software_sales.txt","jd_0875","1","D:\doantotnghiep\data\processed\graphs_v4_certification_catalog_expanded\graph_000057.pt"
"file","D:\doantotnghiep\data\raw\cvs\cv_00_software_sales.txt","jd_1370","1","D:\doantotnghiep\data\processed\graphs_v4_certification_catalog_expanded\graph_000058.pt"
"file","D:\doantotnghiep\data\raw\cvs\cv_00_software_sales.txt","jd_0105","0","D:\doantotnghiep\data\processed\graphs_v4_certification_catalog_expanded\graph_000059.pt"
"file","D:\doantotnghiep\data\raw\cvs\cv_20_cnc_automation.txt","jd_0490","3","D:\doantotnghiep\data\processed\graphs_v4_certification_catalog_expanded\graph_000060.pt"
"file","D:\doantotnghiep\data\raw\cvs\cv_20_cnc_automation.txt","jd_0613","2","D:\doantotnghiep\data\processed\graphs_v4_certification_catalog_expanded\graph_000061.pt"
"file","D:\doantotnghiep\data\raw\cvs\cv_20_cnc_automation.txt","jd_1083","1","D:\doantotnghiep\data\processed\graphs_v4_certification_catalog_expanded\graph_000062.pt"
"file","D:\doantotnghiep\data\raw\cvs\cv_20_cnc_automation.txt","jd_1129","1","D:\doantotnghiep\data\processed\graphs_v4_certification_catalog_expanded\graph_000063.pt"
"file","D:\doantotnghiep\data\raw\cvs\cv_20_cnc_automation.txt","jd_0068","0","D:\doantotnghiep\data\processed\graphs_v4_certification_catalog_expanded\graph_000064.pt"
"file","D:\doantotnghiep\data\raw\cvs\cv_21_technical_account_manager.txt","jd_1370","3","D:\doantotnghiep\data\processed\graphs_v4_certification_catalog_expanded\graph_000065.pt"
"file","D:\doantotnghiep\data\raw\cvs\cv_21_technical_account_manager.txt","jd_0471","2","D:\doantotnghiep\data\processed\graphs_v4_certification_catalog_expanded\graph_000066.pt"
"file","D:\doantotnghiep\data\raw\cvs\cv_21_technical_account_manager.txt","jd_1653","1","D:\doantotnghiep\data\processed\graphs_v4_certification_catalog_expanded\graph_000067.pt"
"file","D:\doantotnghiep\data\raw\cvs\cv_21_technical_account_manager.txt","jd_1075","1","D:\doantotnghiep\data\processed\graphs_v4_certification_catalog_expanded\graph_000068.pt"
"file","D:\doantotnghiep\data\raw\cvs\cv_21_technical_account_manager.txt","jd_1713","0","D:\doantotnghiep\data\processed\graphs_v4_certification_catalog_expanded\graph_000069.pt"
"file","D:\doantotnghiep\data\raw\cvs\cv_22_multimedia_video_editor.txt","jd_1316","3","D:\doantotnghiep\data\processed\graphs_v4_certification_catalog_expanded\graph_000070.pt"
"file","D:\doantotnghiep\data\raw\cvs\cv_22_multimedia_video_editor.txt","jd_0644","2","D:\doantotnghiep\data\processed\graphs_v4_certification_catalog_expanded\graph_000071.pt"
"file","D:\doantotnghiep\data\raw\cvs\cv_22_multimedia_video_editor.txt","jd_1077","1","D:\doantotnghiep\data\processed\graphs_v4_certification_catalog_expanded\graph_000072.pt"
"file","D:\doantotnghiep\data\raw\cvs\cv_22_multimedia_video_editor.txt","jd_0992","1","D:\doantotnghiep\data\processed\graphs_v4_certification_catalog_expanded\graph_000073.pt"
"file","D:\doantotnghiep\data\raw\cvs\cv_22_multimedia_video_editor.txt","jd_0068","0","D:\doantotnghiep\data\processed\graphs_v4_certification_catalog_expanded\graph_000074.pt"
"file","D:\doantotnghiep\data\raw\cvs\cv_23_visual_graphic_designer.txt","jd_1077","3","D:\doantotnghiep\data\processed\graphs_v4_certification_catalog_expanded\graph_000075.pt"
"file","D:\doantotnghiep\data\raw\cvs\cv_23_visual_graphic_designer.txt","jd_1345","2","D:\doantotnghiep\data\processed\graphs_v4_certification_catalog_expanded\graph_000076.pt"
"file","D:\doantotnghiep\data\raw\cvs\cv_23_visual_graphic_designer.txt","jd_1713","1","D:\doantotnghiep\data\processed\graphs_v4_certification_catalog_expanded\graph_000077.pt"
"file","D:\doantotnghiep\data\raw\cvs\cv_23_visual_graphic_designer.txt","jd_0992","1","D:\doantotnghiep\data\processed\graphs_v4_certification_catalog_expanded\graph_000078.pt"
"file","D:\doantotnghiep\data\raw\cvs\cv_23_visual_graphic_designer.txt","jd_0068","0","D:\doantotnghiep\data\processed\graphs_v4_certification_catalog_expanded\graph_000079.pt"
"file","D:\doantotnghiep\data\raw\cvs\cv_24_linux_system_admin.txt","jd_0248","3","D:\doantotnghiep\data\processed\graphs_v4_certification_catalog_expanded\graph_000080.pt"
"file","D:\doantotnghiep\data\raw\cvs\cv_24_linux_system_admin.txt","jd_1581","2","D:\doantotnghiep\data\processed\graphs_v4_certification_catalog_expanded\graph_000081.pt"
"file","D:\doantotnghiep\data\raw\cvs\cv_24_linux_system_admin.txt","jd_1083","1","D:\doantotnghiep\data\processed\graphs_v4_certification_catalog_expanded\graph_000082.pt"
"file","D:\doantotnghiep\data\raw\cvs\cv_24_linux_system_admin.txt","jd_0577","1","D:\doantotnghiep\data\processed\graphs_v4_certification_catalog_expanded\graph_000083.pt"
"file","D:\doantotnghiep\data\raw\cvs\cv_24_linux_system_admin.txt","jd_0068","0","D:\doantotnghiep\data\processed\graphs_v4_certification_catalog_expanded\graph_000084.pt"
"file","D:\doantotnghiep\data\raw\cvs\cv_25_business_operations.txt","jd_0875","3","D:\doantotnghiep\data\processed\graphs_v4_certification_catalog_expanded\graph_000085.pt"
"file","D:\doantotnghiep\data\raw\cvs\cv_25_business_operations.txt","jd_0380","2","D:\doantotnghiep\data\processed\graphs_v4_certification_catalog_expanded\graph_000086.pt"
"file","D:\doantotnghiep\data\raw\cvs\cv_25_business_operations.txt","jd_1083","1","D:\doantotnghiep\data\processed\graphs_v4_certification_catalog_expanded\graph_000087.pt"
"file","D:\doantotnghiep\data\raw\cvs\cv_25_business_operations.txt","jd_1653","1","D:\doantotnghiep\data\processed\graphs_v4_certification_catalog_expanded\graph_000088.pt"
"file","D:\doantotnghiep\data\raw\cvs\cv_25_business_operations.txt","jd_1574","0","D:\doantotnghiep\data\processed\graphs_v4_certification_catalog_expanded\graph_000089.pt"
"file","D:\doantotnghiep\data\raw\cvs\cv_26_3d_unity_artist.txt","jd_0992","3","D:\doantotnghiep\data\processed\graphs_v4_certification_catalog_expanded\graph_000090.pt"
"file","D:\doantotnghiep\data\raw\cvs\cv_26_3d_unity_artist.txt","jd_0974","2","D:\doantotnghiep\data\processed\graphs_v4_certification_catalog_expanded\graph_000091.pt"
"file","D:\doantotnghiep\data\raw\cvs\cv_26_3d_unity_artist.txt","jd_1077","1","D:\doantotnghiep\data\processed\graphs_v4_certification_catalog_expanded\graph_000092.pt"
"file","D:\doantotnghiep\data\raw\cvs\cv_26_3d_unity_artist.txt","jd_1129","1","D:\doantotnghiep\data\processed\graphs_v4_certification_catalog_expanded\graph_000093.pt"
"file","D:\doantotnghiep\data\raw\cvs\cv_26_3d_unity_artist.txt","jd_0068","0","D:\doantotnghiep\data\processed\graphs_v4_certification_catalog_expanded\graph_000094.pt"
"file","D:\doantotnghiep\data\raw\cvs\cv_27_digital_sales_marketing.txt","jd_1075","3","D:\doantotnghiep\data\processed\graphs_v4_certification_catalog_expanded\graph_000095.pt"
"file","D:\doantotnghiep\data\raw\cvs\cv_27_digital_sales_marketing.txt","jd_0028","2","D:\doantotnghiep\data\processed\graphs_v4_certification_catalog_expanded\graph_000096.pt"
"file","D:\doantotnghiep\data\raw\cvs\cv_27_digital_sales_marketing.txt","jd_1653","1","D:\doantotnghiep\data\processed\graphs_v4_certification_catalog_expanded\graph_000097.pt"
"file","D:\doantotnghiep\data\raw\cvs\cv_27_digital_sales_marketing.txt","jd_1370","1","D:\doantotnghiep\data\processed\graphs_v4_certification_catalog_expanded\graph_000098.pt"
"file","D:\doantotnghiep\data\raw\cvs\cv_27_digital_sales_marketing.txt","jd_0068","0","D:\doantotnghiep\data\processed\graphs_v4_certification_catalog_expanded\graph_000099.pt"
"file","D:\doantotnghiep\data\raw\cvs\cv_28_data_engineer_ml.txt","jd_0744","3","D:\doantotnghiep\data\processed\graphs_v4_certification_catalog_expanded\graph_000100.pt"
"file","D:\doantotnghiep\data\raw\cvs\cv_28_data_engineer_ml.txt","jd_1431","2","D:\doantotnghiep\data\processed\graphs_v4_certification_catalog_expanded\graph_000101.pt"
"file","D:\doantotnghiep\data\raw\cvs\cv_28_data_engineer_ml.txt","jd_1129","1","D:\doantotnghiep\data\processed\graphs_v4_certification_catalog_expanded\graph_000102.pt"
"file","D:\doantotnghiep\data\raw\cvs\cv_28_data_engineer_ml.txt","jd_0105","1","D:\doantotnghiep\data\processed\graphs_v4_certification_catalog_expanded\graph_000103.pt"
"file","D:\doantotnghiep\data\raw\cvs\cv_28_data_engineer_ml.txt","jd_0068","0","D:\doantotnghiep\data\processed\graphs_v4_certification_catalog_expanded\graph_000104.pt"
"file","D:\doantotnghiep\data\raw\cvs\cv_29_dotnet_backend.txt","jd_0105","3","D:\doantotnghiep\data\processed\graphs_v4_certification_catalog_expanded\graph_000105.pt"
"file","D:\doantotnghiep\data\raw\cvs\cv_29_dotnet_backend.txt","jd_1288","2","D:\doantotnghiep\data\processed\graphs_v4_certification_catalog_expanded\graph_000106.pt"
"file","D:\doantotnghiep\data\raw\cvs\cv_29_dotnet_backend.txt","jd_0744","1","D:\doantotnghiep\data\processed\graphs_v4_certification_catalog_expanded\graph_000107.pt"
"file","D:\doantotnghiep\data\raw\cvs\cv_29_dotnet_backend.txt","jd_1574","1","D:\doantotnghiep\data\processed\graphs_v4_certification_catalog_expanded\graph_000108.pt"
"file","D:\doantotnghiep\data\raw\cvs\cv_29_dotnet_backend.txt","jd_0068","0","D:\doantotnghiep\data\processed\graphs_v4_certification_catalog_expanded\graph_000109.pt"
"file","D:\doantotnghiep\data\raw\cvs\cv_30_network_security_architect.txt","jd_0577","3","D:\doantotnghiep\data\processed\graphs_v4_certification_catalog_expanded\graph_000110.pt"
"file","D:\doantotnghiep\data\raw\cvs\cv_30_network_security_architect.txt","jd_0732","2","D:\doantotnghiep\data\processed\graphs_v4_certification_catalog_expanded\graph_000111.pt"
"file","D:\doantotnghiep\data\raw\cvs\cv_30_network_security_architect.txt","jd_0744","1","D:\doantotnghiep\data\processed\graphs_v4_certification_catalog_expanded\graph_000112.pt"
"file","D:\doantotnghiep\data\raw\cvs\cv_30_network_security_architect.txt","jd_1129","1","D:\doantotnghiep\data\processed\graphs_v4_certification_catalog_expanded\graph_000113.pt"
"file","D:\doantotnghiep\data\raw\cvs\cv_30_network_security_architect.txt","jd_0068","0","D:\doantotnghiep\data\processed\graphs_v4_certification_catalog_expanded\graph_000114.pt"
"file","D:\doantotnghiep\data\raw\cvs\cv_31_agile_delivery_manager.txt","jd_1653","3","D:\doantotnghiep\data\processed\graphs_v4_certification_catalog_expanded\graph_000115.pt"
"file","D:\doantotnghiep\data\raw\cvs\cv_31_agile_delivery_manager.txt","jd_0839","2","D:\doantotnghiep\data\processed\graphs_v4_certification_catalog_expanded\graph_000116.pt"
"file","D:\doantotnghiep\data\raw\cvs\cv_31_agile_delivery_manager.txt","jd_1129","1","D:\doantotnghiep\data\processed\graphs_v4_certification_catalog_expanded\graph_000117.pt"
"file","D:\doantotnghiep\data\raw\cvs\cv_31_agile_delivery_manager.txt","jd_1083","1","D:\doantotnghiep\data\processed\graphs_v4_certification_catalog_expanded\graph_000118.pt"
"file","D:\doantotnghiep\data\raw\cvs\cv_31_agile_delivery_manager.txt","jd_0068","0","D:\doantotnghiep\data\processed\graphs_v4_certification_catalog_expanded\graph_000119.pt"
