cv_path,jd_path,label,note
D:\doantotnghiep\data\raw\cvs\cv_29_dotnet_backend.txt,jd_0105,3,Same Cluster (Good Match)
D:\doantotnghiep\data\raw\cvs\cv_29_dotnet_backend.txt,jd_1288,2,Same Cluster Rank 2 (Partial Match)
D:\doantotnghiep\data\raw\cvs\cv_29_dotnet_backend.txt,jd_0744,1,"Hard Negative (Cluster 2, sim=0.9008)"
D:\doantotnghiep\data\raw\cvs\cv_29_dotnet_backend.txt,jd_1574,1,"Hard Negative (Cluster 8, sim=0.855)"
D:\doantotnghiep\data\raw\cvs\cv_29_dotnet_backend.txt,jd_0068,0,"Easy Negative (Cluster 0, sim=0.116)"
D:\doantotnghiep\data\raw\cvs\cv_08_frontend_react.txt,jd_1574,3,Same Cluster (Good Match)
D:\doantotnghiep\data\raw\cvs\cv_08_frontend_react.txt,jd_1267,2,Same Cluster Rank 2 (Partial Match)
D:\doantotnghiep\data\raw\cvs\cv_08_frontend_react.txt,jd_0105,1,"Hard Negative (Cluster 6, sim=0.855)"
D:\doantotnghiep\data\raw\cvs\cv_08_frontend_react.txt,jd_0744,1,"Hard Negative (Cluster 2, sim=0.7959)"
D:\doantotnghiep\data\raw\cvs\cv_08_frontend_react.txt,jd_0068,0,"Easy Negative (Cluster 0, sim=0.1216)"
D:\doantotnghiep\data\raw\cvs\cv_28_data_engineer_ml.txt,jd_0744,3,Same Cluster (Good Match)
D:\doantotnghiep\data\raw\cvs\cv_28_data_engineer_ml.txt,jd_1431,2,Same Cluster Rank 2 (Partial Match)
D:\doantotnghiep\data\raw\cvs\cv_28_data_engineer_ml.txt,jd_1129,1,"Hard Negative (Cluster 18, sim=0.9193)"
D:\doantotnghiep\data\raw\cvs\cv_28_data_engineer_ml.txt,jd_0105,1,"Hard Negative (Cluster 6, sim=0.9008)"
D:\doantotnghiep\data\raw\cvs\cv_28_data_engineer_ml.txt,jd_0068,0,"Easy Negative (Cluster 0, sim=0.1509)"
D:\doantotnghiep\data\raw\cvs\cv_10_qa_tester.txt,jd_1587,3,Same Cluster (Good Match)
D:\doantotnghiep\data\raw\cvs\cv_10_qa_tester.txt,jd_1295,2,Same Cluster Rank 2 (Partial Match)
D:\doantotnghiep\data\raw\cvs\cv_10_qa_tester.txt,jd_0174,1,"Hard Negative (Cluster 14, sim=0.7353)"
D:\doantotnghiep\data\raw\cvs\cv_10_qa_tester.txt,jd_1653,1,"Hard Negative (Cluster 19, sim=0.7221)"
D:\doantotnghiep\data\raw\cvs\cv_10_qa_tester.txt,jd_0068,0,"Easy Negative (Cluster 0, sim=0.2148)"
D:\doantotnghiep\data\raw\cvs\cv_14_data_analyst.txt,jd_0174,3,Same Cluster (Good Match)
D:\doantotnghiep\data\raw\cvs\cv_14_data_analyst.txt,jd_1130,2,Same Cluster Rank 2 (Partial Match)
D:\doantotnghiep\data\raw\cvs\cv_14_data_analyst.txt,jd_0105,1,"Hard Negative (Cluster 6, sim=0.8175)"
D:\doantotnghiep\data\raw\cvs\cv_14_data_analyst.txt,jd_1129,1,"Hard Negative (Cluster 18, sim=0.8001)"
D:\doantotnghiep\data\raw\cvs\cv_14_data_analyst.txt,jd_0068,0,"Easy Negative (Cluster 0, sim=0.2752)"
D:\doantotnghiep\data\raw\cvs\cv_15_mobile_developer.txt,jd_0061,3,Same Cluster (Good Match)
D:\doantotnghiep\data\raw\cvs\cv_15_mobile_developer.txt,jd_1259,2,Same Cluster Rank 2 (Partial Match)
D:\doantotnghiep\data\raw\cvs\cv_15_mobile_developer.txt,jd_1129,1,"Hard Negative (Cluster 18, sim=0.8624)"
D:\doantotnghiep\data\raw\cvs\cv_15_mobile_developer.txt,jd_0744,1,"Hard Negative (Cluster 2, sim=0.8612)"
D:\doantotnghiep\data\raw\cvs\cv_15_mobile_developer.txt,jd_0068,0,"Easy Negative (Cluster 0, sim=0.2523)"
D:\doantotnghiep\data\raw\cvs\cv_30_network_security_architect.txt,jd_0577,3,Same Cluster (Good Match)
D:\doantotnghiep\data\raw\cvs\cv_30_network_security_architect.txt,jd_0732,2,Same Cluster Rank 2 (Partial Match)
D:\doantotnghiep\data\raw\cvs\cv_30_network_security_architect.txt,jd_0744,1,"Hard Negative (Cluster 2, sim=0.8675)"
D:\doantotnghiep\data\raw\cvs\cv_30_network_security_architect.txt,jd_1129,1,"Hard Negative (Cluster 18, sim=0.8635)"
D:\doantotnghiep\data\raw\cvs\cv_30_network_security_architect.txt,jd_0068,0,"Easy Negative (Cluster 0, sim=0.1645)"
D:\doantotnghiep\data\raw\cvs\cv_18_business_analyst.txt,jd_1129,3,Same Cluster (Good Match)
D:\doantotnghiep\data\raw\cvs\cv_18_business_analyst.txt,jd_1215,2,Same Cluster Rank 2 (Partial Match)
D:\doantotnghiep\data\raw\cvs\cv_18_business_analyst.txt,jd_0744,1,"Hard Negative (Cluster 2, sim=0.9193)"
D:\doantotnghiep\data\raw\cvs\cv_18_business_analyst.txt,jd_0577,1,"Hard Negative (Cluster 17, sim=0.8635)"
D:\doantotnghiep\data\raw\cvs\cv_18_business_analyst.txt,jd_0068,0,"Easy Negative (Cluster 0, sim=0.2865)"
D:\doantotnghiep\data\raw\cvs\cv_31_agile_delivery_manager.txt,jd_1653,3,Same Cluster (Good Match)
D:\doantotnghiep\data\raw\cvs\cv_31_agile_delivery_manager.txt,jd_0839,2,Same Cluster Rank 2 (Partial Match)
D:\doantotnghiep\data\raw\cvs\cv_31_agile_delivery_manager.txt,jd_1129,1,"Hard Negative (Cluster 18, sim=0.8444)"
D:\doantotnghiep\data\raw\cvs\cv_31_agile_delivery_manager.txt,jd_1083,1,"Hard Negative (Cluster 5, sim=0.8314)"
D:\doantotnghiep\data\raw\cvs\cv_31_agile_delivery_manager.txt,jd_0068,0,"Easy Negative (Cluster 0, sim=0.3798)"
D:\doantotnghiep\data\raw\cvs\cv_05_it_support.txt,jd_1083,3,Same Cluster (Good Match)
D:\doantotnghiep\data\raw\cvs\cv_05_it_support.txt,jd_0696,2,Same Cluster Rank 2 (Partial Match)
D:\doantotnghiep\data\raw\cvs\cv_05_it_support.txt,jd_0248,1,"Hard Negative (Cluster 11, sim=0.8748)"
D:\doantotnghiep\data\raw\cvs\cv_05_it_support.txt,jd_0577,1,"Hard Negative (Cluster 17, sim=0.8442)"
D:\doantotnghiep\data\raw\cvs\cv_05_it_support.txt,jd_0068,0,"Easy Negative (Cluster 0, sim=0.3697)"
D:\doantotnghiep\data\raw\cvs\cv_03_ui_ux_designer.txt,jd_1713,3,Same Cluster (Good Match)
D:\doantotnghiep\data\raw\cvs\cv_03_ui_ux_designer.txt,jd_0391,2,Same Cluster Rank 2 (Partial Match)
D:\doantotnghiep\data\raw\cvs\cv_03_ui_ux_designer.txt,jd_1077,1,"Hard Negative (Cluster 9, sim=0.9305)"
D:\doantotnghiep\data\raw\cvs\cv_03_ui_ux_designer.txt,jd_1316,1,"Hard Negative (Cluster 7, sim=0.7729)"
D:\doantotnghiep\data\raw\cvs\cv_03_ui_ux_designer.txt,jd_0068,0,"Easy Negative (Cluster 0, sim=0.2459)"
D:\doantotnghiep\data\raw\cvs\cv_00_software_sales.txt,jd_0068,3,Same Cluster (Good Match)
D:\doantotnghiep\data\raw\cvs\cv_00_software_sales.txt,jd_0086,2,Same Cluster Rank 2 (Partial Match)
D:\doantotnghiep\data\raw\cvs\cv_00_software_sales.txt,jd_0875,1,"Hard Negative (Cluster 12, sim=0.6602)"
D:\doantotnghiep\data\raw\cvs\cv_00_software_sales.txt,jd_1370,1,"Hard Negative (Cluster 4, sim=0.483)"
D:\doantotnghiep\data\raw\cvs\cv_00_software_sales.txt,jd_0105,0,"Easy Negative (Cluster 6, sim=0.116)"
D:\doantotnghiep\data\raw\cvs\cv_20_cnc_automation.txt,jd_0490,3,Same Cluster (Good Match)
D:\doantotnghiep\data\raw\cvs\cv_20_cnc_automation.txt,jd_0613,2,Same Cluster Rank 2 (Partial Match)
D:\doantotnghiep\data\raw\cvs\cv_20_cnc_automation.txt,jd_1083,1,"Hard Negative (Cluster 5, sim=0.7577)"
D:\doantotnghiep\data\raw\cvs\cv_20_cnc_automation.txt,jd_1129,1,"Hard Negative (Cluster 18, sim=0.7285)"
D:\doantotnghiep\data\raw\cvs\cv_20_cnc_automation.txt,jd_0068,0,"Easy Negative (Cluster 0, sim=0.3035)"
D:\doantotnghiep\data\raw\cvs\cv_21_technical_account_manager.txt,jd_1370,3,Same Cluster (Good Match)
D:\doantotnghiep\data\raw\cvs\cv_21_technical_account_manager.txt,jd_0471,2,Same Cluster Rank 2 (Partial Match)
D:\doantotnghiep\data\raw\cvs\cv_21_technical_account_manager.txt,jd_1653,1,"Hard Negative (Cluster 19, sim=0.8011)"
D:\doantotnghiep\data\raw\cvs\cv_21_technical_account_manager.txt,jd_1075,1,"Hard Negative (Cluster 16, sim=0.7997)"
D:\doantotnghiep\data\raw\cvs\cv_21_technical_account_manager.txt,jd_1713,0,"Easy Negative (Cluster 3, sim=0.3617)"
D:\doantotnghiep\data\raw\cvs\cv_22_multimedia_video_editor.txt,jd_1316,3,Same Cluster (Good Match)
D:\doantotnghiep\data\raw\cvs\cv_22_multimedia_video_editor.txt,jd_0644,2,Same Cluster Rank 2 (Partial Match)
D:\doantotnghiep\data\raw\cvs\cv_22_multimedia_video_editor.txt,jd_1077,1,"Hard Negative (Cluster 9, sim=0.79)"
D:\doantotnghiep\data\raw\cvs\cv_22_multimedia_video_editor.txt,jd_0992,1,"Hard Negative (Cluster 13, sim=0.7843)"
D:\doantotnghiep\data\raw\cvs\cv_22_multimedia_video_editor.txt,jd_0068,0,"Easy Negative (Cluster 0, sim=0.3943)"
D:\doantotnghiep\data\raw\cvs\cv_23_visual_graphic_designer.txt,jd_1077,3,Same Cluster (Good Match)
D:\doantotnghiep\data\raw\cvs\cv_23_visual_graphic_designer.txt,jd_1345,2,Same Cluster Rank 2 (Partial Match)
D:\doantotnghiep\data\raw\cvs\cv_23_visual_graphic_designer.txt,jd_1713,1,"Hard Negative (Cluster 3, sim=0.9305)"
D:\doantotnghiep\data\raw\cvs\cv_23_visual_graphic_designer.txt,jd_0992,1,"Hard Negative (Cluster 13, sim=0.9081)"
D:\doantotnghiep\data\raw\cvs\cv_23_visual_graphic_designer.txt,jd_0068,0,"Easy Negative (Cluster 0, sim=0.2192)"
D:\doantotnghiep\data\raw\cvs\cv_24_linux_system_admin.txt,jd_0248,3,Same Cluster (Good Match)
D:\doantotnghiep\data\raw\cvs\cv_24_linux_system_admin.txt,jd_1581,2,Same Cluster Rank 2 (Partial Match)
D:\doantotnghiep\data\raw\cvs\cv_24_linux_system_admin.txt,jd_1083,1,"Hard Negative (Cluster 5, sim=0.8748)"
D:\doantotnghiep\data\raw\cvs\cv_24_linux_system_admin.txt,jd_0577,1,"Hard Negative (Cluster 17, sim=0.8441)"
D:\doantotnghiep\data\raw\cvs\cv_24_linux_system_admin.txt,jd_0068,0,"Easy Negative (Cluster 0, sim=0.256)"
D:\doantotnghiep\data\raw\cvs\cv_25_business_operations.txt,jd_0875,3,Same Cluster (Good Match)
D:\doantotnghiep\data\raw\cvs\cv_25_business_operations.txt,jd_0380,2,Same Cluster Rank 2 (Partial Match)
D:\doantotnghiep\data\raw\cvs\cv_25_business_operations.txt,jd_1083,1,"Hard Negative (Cluster 5, sim=0.7293)"
D:\doantotnghiep\data\raw\cvs\cv_25_business_operations.txt,jd_1653,1,"Hard Negative (Cluster 19, sim=0.6993)"
D:\doantotnghiep\data\raw\cvs\cv_25_business_operations.txt,jd_1574,0,"Easy Negative (Cluster 8, sim=0.2962)"
D:\doantotnghiep\data\raw\cvs\cv_26_3d_unity_artist.txt,jd_0992,3,Same Cluster (Good Match)
D:\doantotnghiep\data\raw\cvs\cv_26_3d_unity_artist.txt,jd_0974,2,Same Cluster Rank 2 (Partial Match)
D:\doantotnghiep\data\raw\cvs\cv_26_3d_unity_artist.txt,jd_1077,1,"Hard Negative (Cluster 9, sim=0.9081)"
D:\doantotnghiep\data\raw\cvs\cv_26_3d_unity_artist.txt,jd_1129,1,"Hard Negative (Cluster 18, sim=0.8552)"
D:\doantotnghiep\data\raw\cvs\cv_26_3d_unity_artist.txt,jd_0068,0,"Easy Negative (Cluster 0, sim=0.202)"
D:\doantotnghiep\data\raw\cvs\cv_27_digital_sales_marketing.txt,jd_1075,3,Same Cluster (Good Match)
D:\doantotnghiep\data\raw\cvs\cv_27_digital_sales_marketing.txt,jd_0028,2,Same Cluster Rank 2 (Partial Match)
D:\doantotnghiep\data\raw\cvs\cv_27_digital_sales_marketing.txt,jd_1653,1,"Hard Negative (Cluster 19, sim=0.8295)"
D:\doantotnghiep\data\raw\cvs\cv_27_digital_sales_marketing.txt,jd_1370,1,"Hard Negative (Cluster 4, sim=0.7997)"
D:\doantotnghiep\data\raw\cvs\cv_27_digital_sales_marketing.txt,jd_0068,0,"Easy Negative (Cluster 0, sim=0.4458)"
D:\doantotnghiep\data\raw\cvs\cv_28_data_engineer_ml.txt,jd_0744,3,Same Cluster (Good Match)
D:\doantotnghiep\data\raw\cvs\cv_28_data_engineer_ml.txt,jd_1431,2,Same Cluster Rank 2 (Partial Match)
D:\doantotnghiep\data\raw\cvs\cv_28_data_engineer_ml.txt,jd_1129,1,"Hard Negative (Cluster 18, sim=0.9193)"
D:\doantotnghiep\data\raw\cvs\cv_28_data_engineer_ml.txt,jd_0105,1,"Hard Negative (Cluster 6, sim=0.9008)"
D:\doantotnghiep\data\raw\cvs\cv_28_data_engineer_ml.txt,jd_0068,0,"Easy Negative (Cluster 0, sim=0.1509)"
D:\doantotnghiep\data\raw\cvs\cv_29_dotnet_backend.txt,jd_0105,3,Same Cluster (Good Match)
D:\doantotnghiep\data\raw\cvs\cv_29_dotnet_backend.txt,jd_1288,2,Same Cluster Rank 2 (Partial Match)
D:\doantotnghiep\data\raw\cvs\cv_29_dotnet_backend.txt,jd_0744,1,"Hard Negative (Cluster 2, sim=0.9008)"
D:\doantotnghiep\data\raw\cvs\cv_29_dotnet_backend.txt,jd_1574,1,"Hard Negative (Cluster 8, sim=0.855)"
D:\doantotnghiep\data\raw\cvs\cv_29_dotnet_backend.txt,jd_0068,0,"Easy Negative (Cluster 0, sim=0.116)"
D:\doantotnghiep\data\raw\cvs\cv_30_network_security_architect.txt,jd_0577,3,Same Cluster (Good Match)
D:\doantotnghiep\data\raw\cvs\cv_30_network_security_architect.txt,jd_0732,2,Same Cluster Rank 2 (Partial Match)
D:\doantotnghiep\data\raw\cvs\cv_30_network_security_architect.txt,jd_0744,1,"Hard Negative (Cluster 2, sim=0.8675)"
D:\doantotnghiep\data\raw\cvs\cv_30_network_security_architect.txt,jd_1129,1,"Hard Negative (Cluster 18, sim=0.8635)"
D:\doantotnghiep\data\raw\cvs\cv_30_network_security_architect.txt,jd_0068,0,"Easy Negative (Cluster 0, sim=0.1645)"
D:\doantotnghiep\data\raw\cvs\cv_31_agile_delivery_manager.txt,jd_1653,3,Same Cluster (Good Match)
D:\doantotnghiep\data\raw\cvs\cv_31_agile_delivery_manager.txt,jd_0839,2,Same Cluster Rank 2 (Partial Match)
D:\doantotnghiep\data\raw\cvs\cv_31_agile_delivery_manager.txt,jd_1129,1,"Hard Negative (Cluster 18, sim=0.8444)"
D:\doantotnghiep\data\raw\cvs\cv_31_agile_delivery_manager.txt,jd_1083,1,"Hard Negative (Cluster 5, sim=0.8314)"
D:\doantotnghiep\data\raw\cvs\cv_31_agile_delivery_manager.txt,jd_0068,0,"Easy Negative (Cluster 0, sim=0.3798)"
