job_title,location,country,qualifications,technical_skills,soft_skills,languages_required,experience_required,salary,contract_type,working_hours,benefits,description,requirements_text,category,salary_min,salary_max,salary_avg
Nhân Viên Vận Hành Hệ Thống Xử Lý Nước Thải,hồ chí minh,Việt Nam,"['Cao đẳng', 'Đại học chuyên ngành môi trường', 'Cơ khí', 'Điện']",,"['Sức khoẻ tốt', 'Nhiệt tình', 'Chịu khó', 'Trung thực']",,1 năm,15.0 - 22.0 triệu,Toàn thời gian,"Thứ 2 - Thứ 6 (từ 08:00 đến 17:00), Thứ 7 làm cách tuần","['Thưởng năm', 'Lương tháng 13', 'Bảo hiểm y tế', 'Bảo hiểm lao động', 'Bảo hiểm tai nạn', 'Đào tạo về an toàn lao động', 'Nghỉ phép: 12 ngày/năm', 'Du lịch hằng năm']","- Vận hành hằng ngày các công trình được giao trong địa bàn TP HCM (cũ), 3 công trình/ ngày
- Vận hành bàn giao ngắn ngày (7-15 ngày luân phiên đổi người) đối với các công trình thi công tại Tây Ninh, Bình Dương, Long An,...
- Công tác vận hành gồm có: châm hoá chất, test nhanh thông số vận hành, kiểm tra máy móc thiết bị, hệ thống tủ điện, vệ sinh khu vực HTXLNT, bảo trì định kỳ thiết bị, ghi chép Nhật ký vận hành và lập Biên bản nghiệm thu hàng tháng
- Hỗ trợ phòng vận hành xử lý sự cố phát sinh (nếu có)","- Tốt nghiệp cao đẳng, đại học chuyên ngành môi trường, cơ khí, điện
- Kinh nghiệm: 1 năm hoặc cao hơn, lương trả theo năng lực và số năm kinh nghiệm
- Có sức khoẻ tốt, nhiệt tình, chịu khó trong công việc, trung thực",nông_nghiệp_năng_lượng_môi_trường,15,22,18 triệu
Nhân Viên Vận Hành Hệ Thống Xử Lí Nước Thải,hồ chí minh,Việt Nam,"['Tốt nghiệp Trung cấp trở lên', 'Chuyên ngành Môi trường, Cấp thoát nước, cơ điện, điện tự động hoặc các ngành liên quan']","['Vận hành hệ thống xử lý nước thải', 'Phân tích chất lượng nước thải']","['Chăm chỉ', 'Có tinh thần trách nhiệm cao']",,Không yêu cầu,8.0 - 13.0 triệu,Toàn thời gian,Làm việc theo ca,"['Chế độ phụ cấp công trình', 'Hưởng đầy đủ các chế độ BHXH, BHYT, BHTN theo quy định', 'Tăng ca và thưởng lễ/Tết theo quy định của luật lao động', 'Môi trường làm việc chuyên nghiệp, có cơ hội thăng tiến']","Vận hành, giám sát hệ thống xử lý nước thải theo đúng quy trình được phê duyệt. Chuẩn bị hóa chất: kiểm tra hóa chất còn lại trong bồn, pha hóa chất. Giữ gìn vệ sinh hệ thống. Phối hợp với bộ phận bảo trì kiểm tra, bảo dưỡng định kỳ các thiết bị. Phân tích chất lượng nước thải. Thu thập, ghi chép số liệu, báo cáo tình trạng hoạt động. Phát hiện, xử lý sự cố khi có vấn đề phát sinh. Thực hiện các báo cáo công việc theo quy định. Thực hiện các công việc khác theo sự phân công của cấp trên.","Giới tính: Nam. Độ tuổi: tuân thủ luật lao động. Trình độ chuyên môn: tốt nghiệp Trung cấp trở lên, chuyên ngành Môi trường, Cấp thoát nước, cơ điện, điện tự động hoặc các ngành liên quan. Làm việc tại công trình ở Bình Dương, Lâm Đồng và các công trình khác theo sự sắp xếp. Có kinh nghiệm vận hành và hiểu biết về quy trình xử lý nước thải là một lợi thế. Nếu chưa có kinh nghiệm thì sẽ được đào tạo. Sức khỏe tốt, chăm chỉ, có tinh thần trách nhiệm cao. Làm việc theo ca.",nông_nghiệp_năng_lượng_môi_trường,8,13,10 triệu
Nhân Viên Phát Triển Thị Trường,vĩnh long,Việt Nam,"['Cao đẳng trở lên các chuyên ngành về Nông nghiệp như Nông học, kỹ thuật cây trồng, bảo vệ thực vật, khoa học đất hoặc các ngành khác liên quan']",,"['Tự tin giao tiếp', 'Diễn đạt thông tin tốt', 'Có khả năng làm việc độc lập và theo nhóm', 'Sẵn sàng di chuyển cho công việc']",,Không yêu cầu,9.4 - 12.0 triệu,Toàn thời gian,"Thứ 2 - Thứ 6 (từ 07:30 đến 17:00), Thứ 7 (từ 07:30 đến 12:00)","['Phụ cấp điện thoại', 'Phụ cấp xăng xe', 'Thưởng doanh số', 'Thưởng tết lương tháng 13', 'Thưởng các ngày lễ tết', 'Xét nâng lương định kỳ 1-2 lần/năm', 'Chế độ bảo hiểm và nghỉ phép theo qui định', 'Chế độ chăm sóc sức khỏe mở rộng như khám sức khỏe định kỳ hàng năm', 'Gói Bảo hiểm tai nạn và Thẻ chăm sóc sức khỏe tư nhân PIV', 'Được hướng dẫn, đào tạo theo kế hoạch và vị trí công việc', 'Có cơ hội được đi công tác nước ngoài, tiếp xúc với các chuyên gia quốc tế']","Thực hiện quy trình thử nghiệm và đánh giá hạt giống trên ứng dụng Fastdo. Duy trì mạng lưới khách hàng cũ và phát triển mạng lưới khách hàng mới, khách hàng tiềm năng, cập nhật báo cáo CSKH trên ứng dụng Misa. Hỗ trợ các farm về kỹ thuật gieo trồng. Tư vấn quy trình kỹ thuật của từng loại giống. Tiếp xúc với đại lý, thương lái để tư vấn về các sản phẩm của công ty. Hỗ trợ tổ chức các buổi demo, hội thảo nông nghiệp. Phối hợp với các phòng ban khác để thực hiện các hoạt động quảng bá sản phẩm. Giải quyết các khiếu nại của khách hàng. Phối hợp đội nhóm để hoàn thành chỉ tiêu. Các ứng dụng Fastdo và Misa sẽ được hướng dẫn khi nhận việc.","Tốt nghiệp Cao đẳng trở lên các chuyên ngành về Nông nghiệp như Nông học, kỹ thuật cây trồng, bảo vệ thực vật, khoa học đất hoặc các ngành khác liên quan. Tự tin giao tiếp, diễn đạt thông tin tốt. Có khả năng làm việc độc lập và theo nhóm. Sẵn sàng di chuyển cho công việc. Chưa có kinh nghiệm sẽ được đào tạo.",nông_nghiệp_năng_lượng_môi_trường,9,12,10 triệu
Nhân Viên Bảo Trì Hệ Thống Xử Lý Nước,nghệ an,Việt Nam,"['Tốt nghiệp CĐ, ĐH chuyên ngành Môi trường', 'Xử lý nước thải', 'Trung cấp điện, điện tử']",,"['Sức khỏe tốt', 'Lanh lợi', 'Hoạt bát', 'Chịu khó', 'Chấp nhận đi công tác', 'Chịu áp lực công việc', 'Có khả năng làm việc độc lập và theo nhóm']",,1 năm,12.0 - 15.0 triệu,Toàn thời gian,Thứ 2 - Thứ 6 (từ 08:00 đến 17:00),"['Phụ cấp: ăn trưa, xăng xe, điện thoại, công tác và trợ cấp con cái đến hết 18 tuổi', 'Thử việc 2 tháng (lương thử việc = 100% lương chính thức)', 'Đóng bảo hiểm đầy đủ full lương theo quy định', 'Đóng bảo hiểm Tokio Marine 24/24 hạn mức 50 tháng lương', 'Được khám sức khỏe, tiêm phòng (cúm mùa, sốt xuất huyết..), du lịch, thưởng hàng năm', 'Lễ tết nghỉ và thưởng theo quy chế công ty']","Bảo trì bảo dưỡng các hệ thống xử lý nước, khí thải, HVAC. Giao hàng sửa chữa, khắc phục các sự cố liên quan đến hệ thống. Đối ứng, quan hệ với khách hàng khi cần thiết. Hỗ trợ các phòng ban trong quá trình thực hiện công việc.","Trình độ: Tốt nghiệp CĐ, ĐH chuyên ngành Môi trường, Xử lý nước thải; Trung cấp điện, điện tử,... Kinh nghiệm từ 1 năm - Không yêu cầu kinh nghiệm chuyên môn, sẽ được đào tạo. Yêu cầu khác: Sức khỏe tốt, lanh lợi, hoạt bát, chịu khó, chấp nhận đi công tác, chịu áp lực công việc, có khả năng làm việc độc lập và theo nhóm.",nông_nghiệp_năng_lượng_môi_trường,12,15,13 triệu
Chuyên Gia Đánh Giá ISO 22000–HACCP–VIETGAP,"hà nội, hồ chí minh",Việt Nam,"['Đại học khối ngành kỹ thuật, môi trường']","['HACCP', 'ISO 22000', 'VietGAP', 'GLOBAL GAP']","['Khả năng đi công tác', 'Linh động trong việc áp dụng các phương thức làm việc khác nhau']",,2 năm,15.0 - 25.0 triệu,Toàn thời gian,"Thứ Hai- Thứ Sáu, từ 08h30-17h00, nghỉ trưa từ 12h00-13h00; Thứ Bảy làm việc cách tuần","['Thưởng tháng 13', 'Thưởng Lễ, Tết', 'Du lịch – Team building hàng năm', 'Tăng lương định kỳ', 'Khóa đào tạo nâng cao chuyên môn']","Bạn sẽ làm gì tại SUTECH? Triển khai tư vấn hệ thống quản lý chất lượng tại các doanh nghiệp thực phẩm, nông nghiệp. Đánh giá tiêu chuẩn HACCP, ISO 22000:2018, VietGAP theo từng dự án/khu vực. Đào tạo hệ thống quản lý theo tiêu chuẩn quốc tế: ISO 22000, HACCP, VietGAP... Tham gia xây dựng tài liệu đào tạo, xử lý hồ sơ và vấn đề phát sinh trong quá trình tư vấn. Phối hợp với đội kỹ thuật & khách hàng để đảm bảo tiến độ và chất lượng dự án.","Ưu tiên Nam. Chuyên môn Tốt nghiệp Đại học khối ngành kỹ thuật, môi trường, .... Kinh nghiệm Tối thiểu 2 năm kinh nghiệm làm việc, trong đó có ít nhất 01 năm làm việc trong lĩnh vực QA/QC, QHSE, am hiểu và được đào tạo về các tiêu chuẩn HACCP, ISO 22000, VietGAP, GLOBAL GAP, ... Có hiểu biết về các hệ thống quản lý như HACCP, ISO 22000, VietGAP, GLOBAL GAP, ... Có kinh nghiệm ứng dụng các tiêu chuẩn trên hoặc đã làm việc tại các tổ chức chứng nhận là 1 lợi thế; Có khả năng đi công tác, yêu thích việc di chuyển và sức khỏe tốt; Có khả năng linh động trong việc áp dụng các phương thức làm việc khác nhau.",nông_nghiệp_năng_lượng_môi_trường,15,25,20 triệu
